long,lat,id,tipo,calle_auto,altura,km,velocidad,direccion_,calle_norm,intersec_1,barrio,comuna,codigo_postal,codigo_postal_argentino
-58.44084749,-34.62289487,1,DETECCION DE VIOLACION DE LUZ ROJA,Av.Juan B. Alberdi y Centenera,0,,0,"ALBERDI, JUAN BAUTISTA AV. y BARCO CENTENERA DEL","ALBERDI, JUAN BAUTISTA AV.",BARCO CENTENERA DEL,CABALLITO,6,,
-58.50220119,-34.65132642,2,DETECCION DE VIOLACION DE LUZ ROJA,J.B.Alberdi y Larrazabal,0,,0,"ALBERDI, JUAN BAUTISTA AV. y LARRAZABAL","ALBERDI, JUAN BAUTISTA AV.",LARRAZABAL,MATADEROS,9,,
-58.45847497,-34.604488,3,DETECCION DE VIOLACION DE LUZ ROJA,Av.J.B.Justo y Av.San Martin,0,,0,"JUSTO, JUAN B. AV. y SAN MARTIN AV.","JUSTO, JUAN B. AV.",SAN MARTIN AV.,VILLA CRESPO,15,,
-58.43645932,-34.61829589,4,DETECCION DE VIOLACION DE LUZ ROJA,Av. Rivadavia y Acoyte,0,,0,RIVADAVIA AV. y ACOYTE AV.,RIVADAVIA AV.,ACOYTE AV.,CABALLITO,6,,
-58.38016347,-34.61975683,5,DETECCION DE VIOLACION DE LUZ ROJA,Bernardo de Irigoyen y Carlos Calvo,0,,0,"IRIGOYEN, BERNARDO DE y CALVO, CARLOS","IRIGOYEN, BERNARDO DE","CALVO, CARLOS",CONSTITUCION,1,,
-58.44887619,-34.58275481,6,DETECCION DE VIOLACION DE LUZ ROJA,Av. Cordoba y  Jorge Newbery,0,,0,"CORDOBA AV. y NEWBERY, JORGE AV.",CORDOBA AV.,"NEWBERY, JORGE AV.",CHACARITA,15,,
-58.52160459,-34.6390113,7,DETECCION DE VIOLACION DE LUZ ROJA,Av. Rivadavia y Miralla,0,,0,RIVADAVIA AV. Y MIRALLA,RIVADAVIA AV.,MIRALLA,LINIERS,9,1408,C1408AAY
-58.42855405,-34.61829,8,DETECCION DE VIOLACION DE LUZ ROJA,Rosario y Av. La Plata,0,,0,ROSARIO y LA PLATA AV.,ROSARIO,LA PLATA,CABALLITO,6,,
-58.43006279,-34.59429882,9,DETECCION DE VIOLACION DE LUZ ROJA,Av. Cordoba y Escalabrini Ortiz,0,,0,"CORDOBA AV. y SCALABRINI ORTIZ, RAUL AV.",CORDOBA AV.,"SCALABRINI ORTIZ, RAUL AV.",PALERMO,14,,
-58.42917243,-34.59485173,10,DETECCION DE VIOLACION DE LUZ ROJA,Av. Cordoba y Araoz,0,,0,CORDOBA AV. y ARAOZ,CORDOBA AV.,ARAOZ,PALERMO,14,,
-58.45607698,-34.6212,11,DETECCION DE VIOLACION DE LUZ ROJA,Av. Avellaneda y Donato Alvarez,0,,0,"AVELLANEDA AV. y ALVAREZ, DONATO, TTE. GRAL.",AVELLANEDA AV.,"ALVAREZ, DONATO, TTE. GRAL.",CABALLITO,6,,
-58.50348714,-34.58706354,12,DETECCION DE VIOLACION DE LUZ ROJA,Av. Mosconi y Argerich,0,,0,MOSCONI GENERAL AV. y ARGERICH,MOSCONI GENERAL AV.,ARGERICH,VILLA PUEYRREDON,12,,
-58.44015919,-34.58759807,13,DETECCION DE VIOLACION DE LUZ ROJA,Av. Córdoba y Fitz Roy,0,,0,CORDOBA AV. y FITZ ROY,CORDOBA AV.,FITZ ROY,PALERMO,14,,
-58.43817906,-34.56294476,14,DETECCION DE VIOLACION DE LUZ ROJA,Av. Del Libertador y Federico Lacroce,0,,0,"DEL LIBERTADOR AV. y LACROZE, FEDERICO",DEL LIBERTADOR AV.,"LACROZE, FEDERICO",PALERMO,14,,
-58.37384558,-34.59356438,15,DETECCION DE VIOLACION DE LUZ ROJA,Av. Leando N. Alem y San Martin,0,,0,"ALEM, LEANDRO N. AV. y SAN MARTIN","ALEM, LEANDRO N. AV.",SAN MARTIN,RETIRO,1,,
-58.36869,-34.61700097,16,DETECCION DE VIOLACION DE LUZ ROJA,Av. Paseo Colon e Independencia,0,,0,PASEO COLON AV. e INDEPENDENCIA AV.,PASEO COLON AV.,INDEPENDENCIA AV.,SAN TELMO,1,,
-58.40597079,-34.61011609,17,DETECCION DE VIOLACION DE LUZ ROJA,Av. Rivadavia y Av. Jujuy,0,,0,RIVADAVIA AV. y JUJUY AV.,RIVADAVIA AV.,JUJUY AV.,BALVANERA,3,,
-58.40561079,-34.63711738,18,DETECCION DE VIOLACION DE LUZ ROJA,Av. Caseros y La Rioja,0,,0,CASEROS AV. y LA RIOJA,CASEROS AV.,LA RIOJA,PARQUE PATRICIOS,4,,
-58.38272426,-34.59546241,19,DETECCION DE VIOLACION DE LUZ ROJA,Av. Santa Fe y Cerrito,0,,0,SANTA FE AV. y CERRITO,SANTA FE AV.,CERRITO,RETIRO,1,,
-58.38130708,-34.59031342,20,DETECCION DE VIOLACION DE LUZ ROJA,Av. Carlos Pellegrini,1515,,0,"PELLEGRINI, CARLOS 1515","PELLEGRINI, CARLOS",POSADAS,Retiro,1,1011,C1011AAE
-58.47665,-34.58302,21,CONTROLADOR DE INVASION DE SENDA PEATONAL Y VIOLACION DE LUZ ROJA,Av. De los Incas y Gamarra,0,,0,AV. DE LOS INCAS Y GAMARRA,AV DE LOS INCAS,GAMARRA,PARQUE CHAS,12,,
-58.38018835,-34.62636537,22,CONTROLADOR DE INVASION DE SENDA PEATONAL Y VIOLACION DE LUZ ROJA,Av. Garay y Lima,0,,0,"GARAY, JUAN DE AV. y LIMA","GARAY, JUAN DE AV.",LIMA,CONSTITUCION,1,,
-58.38143853,-34.6277983,23,CONTROLADOR DE INVASION DE SENDA PEATONAL Y VIOLACION DE LUZ ROJA,Av. Brasil y Lima,0,,0,BRASIL y LIMA,BRASIL,LIMA,CONSTITUCION,1,,
-58.47665132,-34.58303556,24,CONTROLADOR DE INVASION DE SENDA PEATONAL Y VIOLACION DE LUZ ROJA,Av. Los Incas y Gamarra,0,,0,DE LOS INCAS AV. y GAMARRA,DE LOS INCAS AV.,GAMARRA,PARQUE CHAS,15,,
-58.40042632,-34.6235575,25,CONTROLADOR DE INVASION DE SENDA PEATONAL Y VIOLACION DE LUZ ROJA,Av. San Juan esquina Alberti,0,,0,SAN JUAN AV. y ALBERTI,SAN JUAN AV.,ALBERTI,SAN CRISTOBAL,3,,
-58.38149146,-34.59535799,26,DETECCION DE VIOLACION DE LUZ ROJA,Av. Santa Fe y C.  Pellegrini,983,,0,"SANTA FE AV. y PELLEGRINI, CARLOS",SANTA FE AV.,"PELLEGRINI, CARLOS",RETIRO,1,,
-58.423371,-34.59774159,27,DETECCION DE VIOLACION DE LUZ ROJA,Av. Córdoba y Gascon,0,,0,CORDOBA AV. y GASCON,CORDOBA AV.,GASCON,PALERMO,14,,
-58.4780827,-34.59112084,28,DETECCION DE VIOLACION DE LUZ ROJA,Av. De los Constituyentes y Barzana,3100,,0,DE LOS CONSTITUYENTES AV. y BARZANA,DE LOS CONSTITUYENTES AV.,BARZANA,PARQUE CHAS,15,,
-58.3828426,-34.58822345,29,DETECCION DE VIOLACION DE LUZ ROJA,Av. Del Libertador y Libertad,0,,0,DEL LIBERTADOR AV. y LIBERTAD,DEL LIBERTADOR AV.,LIBERTAD,RETIRO,1,,
-58.38143355,-34.62215736,30,DETECCION DE VIOLACION DE LUZ ROJA,Av. San Juan y Lima,0,,0,SAN JUAN AV. y LIMA,SAN JUAN AV.,LIMA,CONSTITUCION,1,,
-58.42653502,-34.57816529,31,DETECCION DE VIOLACION DE LUZ ROJA,Av. Juan B. Justo y Av. Bullrich,0,,0,"JUSTO, JUAN B. AV. y BULLRICH AV.","JUSTO, JUAN B. AV.",BULLRICH AV.,PALERMO,14,,
-58.44435407,-34.62172396,32,DETECCION DE VIOLACION DE LUZ ROJA,Av. Rivadavia y Garcia Lorca,0,,0,"RIVADAVIA AV. y GARCIA LORCA, FEDERICO",RIVADAVIA AV.,"GARCIA LORCA, FEDERICO",CABALLITO,6,,
-58.45315,-34.56563,33,DETECCION DE VIOLACION DE LUZ ROJA,AV. CABILDO Y JOSE HERNANDEZ,0,,0,CABILDO AV. Y JOSE HERNANDEZ,AV CABILDO,JOSE HERNANDEZ,BELGRANO,13,,
-58.46814,-34.54888,34,DETECCION DE VIOLACION DE LUZ ROJA,AV. CABILDO Y CRISOLOGO LARRALDE,0,,0,AV. CABILDO Y CRISOLOGO LARRALDE,AV CABILDO,CRISOLOGO LARRALDE,BELGRANO,13,,
-58.45997,-34.55829,35,DETECCION DE VIOLACION DE LUZ ROJA,AV. CABILDO Y MONROE,0,,0,AV. CABILDO Y MONROE,AV CABILDO,MONROE,BELGRANO,13,,
-58.49428,-34.59501,36,DETECCION DE VIOLACION DE LUZ ROJA,AV. FRANCISCO BEIRO Y AV. NAZCA,0,,0,AV. FRANCISCO BEIRO Y AV. NAZCA,"BEIRO, FRANCISCO",NAZCA AV.,AGRONOMIA,15,,
-58.40149,-34.58202,37,DETECCION DE VIOLACION DE LUZ ROJA,Av. Del Libertador y Sanchez de Bustamante,0,,0,DEL LIBERTADOR AV.  Y SANCHEZ DE BUSTAMANTE,DEL LIBERTADOR AV.,SANCHEZ DE BUSTAMANTE,PALERMO,14,,
-58.37393,-34.59367,38,DETECCION DE VIOLACION DE LUZ ROJA,Av. Del Libertador y Ramos Mejía,0,,0,DEL LIBERTADOR AV.  Y RAMOS MEJIA,DEL LIBERTADOR AV.,RAMOS MEJIA,RETIRO,1,,
-58.46783,-34.61134,39,DETECCION DE VIOLACION DE LUZ ROJA,Av. Juan B. Justo y Boyaca,0,,0,JUAN B. JUSTO AV. Y BOYACA,JUAN B. JUSTO AV.,BOYACA,ViILLA GRAL. MITRE,11,,
-58.45946,-34.61388,40,DETECCION DE VIOLACION DE LUZ ROJA,Av. Gaona y Donato Alvarez,0,,0,"GAONA AV. Y  ALVAREZ, DONATO, TTE. GRAL.",GAONA AV.,DONATO ALVAREZ,CABALLITO,6,,
-58.47112,-34.62742,41,DETECCION DE VIOLACION DE LUZ ROJA,Av. Nazca y Bogota,0,,0,AV. NAZCA Y BOGOTA,AV. NAZCA,BOGOTA,FLORES,7,,
-58.40781,-34.60425,42,DETECCION DE VIOLACION DE LUZ ROJA,Av. Corrientes y Ecuador,0,,0,CORRIENTES AV. Y ECUADOR,CORRIENTES AV.,ECUADOR,BALVANERA,3,,
-58.44438,-34.62172,43,CONTROLADOR DE INVASION DE SENDA PEATONAL Y VIOLACION DE LUZ ROJA,Av. Rivadavia y García Lorca,0,,0,Av. Rivadavia y García Lorca,RIVADAVIA AV.,G LORCA,CABALLITO,6,,
-58.46007,-34.68871,44,CONTROLADOR DE INVASION DE SENDA PEATONAL Y VIOLACION DE LUZ ROJA,Av. Roca y Soldado de la Frontera,0,,0,Av. Roca y Soldado de la Frontera,ROCA AV.,S. DE LA FRONTERA,VILLA LUGANO,8,,
-58.47158,-34.62637,45,CONTROLADOR DE INVASION DE SENDA PEATONAL Y VIOLACION DE LUZ ROJA,Av. Avellaneda y Nazca,0,,0,Av. Avellaneda y Nazca,AVELLANEDA AV.,NAZCA,FLORESTA,7,,
-58.39169,-34.61815,46,CONTROLADOR DE INVASION DE SENDA PEATONAL Y VIOLACION DE LUZ ROJA,Av. Independencia y Av. Entre Rios,0,,0,Av. Independencia y Av. Entre Rios,INDEPENDENCIA AV.,ENTRE RIOS AV,MONSERRAT,1,,
-58.40546,-34.60455,47,CONTROLADOR DE INVASION DE SENDA PEATONAL Y VIOLACION DE LUZ ROJA,Av. Corrientes y Pueyrredon,0,,0,Av. Corrientes y Pueyrredon,CORRIENTES AV,PUEYRREDÓN AV,ALMAGRO,5,,
-58.46021,-34.57828,48,DETECCION DE VIOLACION DE LUZ ROJA,ALVAREZ THOMAS Y AV. ELCANO,0,,0,ALVAREZ THOMAS Y AV. ELCANO,ALVAREZ THOMAS AV.,ELCANO AV.,COLEGIALES,15,,
-58.47814,-34.59109,49,CONTROLADOR DE INVASION DE SENDA PEATONAL Y VIOLACION DE LUZ ROJA,Av. Constituyentes y Barzana,0,,0,Av. Constituyentes y Barzana,CONSTITUYENTES AV,BARZANA,PARQUE CHAS,15,,
-58.38182696,-34.61191242,50,DETECCION DE VIOLACION DE LUZ ROJA,Lima y Moreno,0,,0,LIMA y MORENO,LIMA,MORENO,MONSERRAT,1,,
-58.4606411,-34.68925481,51,DETECCION DE VIOLACION DE LUZ ROJA,Av. Coronel Roca y Soldado de la Frontera,0,,0,"ROCA, CNEL. AV. y SOLDADO DE LA FRONTERA AV.","ROCA, CNEL. AV.",SOLDADO DE LA FRONTERA AV.,VILLA LUGANO,8,,
-58.40815286,-34.59806501,52,VERIFICADOR DE CARRILES,Av. Córdoba y Anchorena,0,,0,"CORDOBA AV. y ANCHORENA, TOMAS MANUEL DE, DR.",CORDOBA AV.,"ANCHORENA, TOMAS MANUEL DE, DR.",RECOLETA,2,,
-58.3881536,-34.59935041,53,VERIFICADOR DE CARRILES,Av. Córdoba y Parana,0,,0,CORDOBA AV. y PARANA,CORDOBA AV.,PARANA,RECOLETA,2,,
-58.41463227,-34.59789407,54,VERIFICADOR DE CARRILES,Av. Córdoba y Billinghurst,0,,0,CORDOBA AV. y BILLINGHURST,CORDOBA AV.,BILLINGHURST,RECOLETA,2,,
-58.3987286,-34.59975615,55,VERIFICADOR DE CARRILES,Av. Córdoba y Uriburu,0,,0,"CORDOBA AV. y URIBURU JOSE E., PRES.",CORDOBA AV.,"URIBURU JOSE E., PRES.",RECOLETA,2,,
-58.39171614,-34.61382004,56,VERIFICADOR DE CARRILES,Av. Entre Ríos y Av. Belgrano,0,,0,ENTRE RIOS AV. y BELGRANO AV.,ENTRE RIOS AV.,BELGRANO AV.,BALVANERA,3,,
-58.41192344,-34.59799914,57,VERIFICADOR DE CARRILES,Av. Córdoba y Gallo,0,,0,CORDOBA AV. y GALLO,CORDOBA AV.,GALLO,RECOLETA,2,,
-58.4189449,-34.59778545,58,VERIFICADOR DE CARRILES,Av. Córdoba y Salguero,0,,0,"CORDOBA AV. y SALGUERO, JERONIMO",CORDOBA AV.,"SALGUERO, JERONIMO",PALERMO,14,,
-58.3840353,-34.59915588,59,VERIFICADOR DE CARRILES,Av. Córdoba y Libertad,0,,0,CORDOBA AV. y LIBERTAD,CORDOBA AV.,LIBERTAD,RETIRO,1,,
-58.39293686,-34.59963293,60,VERIFICADOR DE CARRILES,Av. Córdoba y Callao,0,,0,CORDOBA AV. y CALLAO AV.,CORDOBA AV.,CALLAO AV.,RECOLETA,2,,
-58.39652,-34.58802318,61,VERIFICADOR DE CARRILES,Av. Las Heras y Cantilo,0,,0,LAS HERAS GENERAL AV. Y CANTILO,LAS HERAS GENERAL AV.,CANTILO,RECOLETA,2,,
-58.40308804,-34.59879201,62,VERIFICADOR DE CARRILES,Av. Córdoba y Paso,0,,0,CORDOBA AV. y PASO,CORDOBA AV.,PASO,RECOLETA,2,,
-58.39229,-34.60443527,63,VERIFICADOR DE CARRILES,Av. Callao y Corrientes,0,,0,CALLAO AV. Y CORRIENTES AV.,CALLAO AV.,CORRIENTES AV.,BALVANERA,3,,
-58.3918006,-34.61149478,64,VERIFICADOR DE CARRILES,Av. Entre Ríos y Adolfo Alsina,0,,0,"ENTRE RIOS AV. y ALSINA, ADOLFO",ENTRE RIOS AV.,"ALSINA, ADOLFO",BALVANERA,3,,
-58.39167179,-34.61910406,65,VERIFICADOR DE CARRILES,Av. Entre Ríos y Estados Unidos,0,,0,ENTRE RIOS AV. y ESTADOS UNIDOS,ENTRE RIOS AV.,ESTADOS UNIDOS,SAN CRISTOBAL,3,,
-58.39167844,-34.61687762,66,VERIFICADOR DE CARRILES,Av. Entre Rios y Chile,0,,0,ENTRE RIOS AV. Y CHILE,ENTRE RIOS AV.,CHILE,BALVANERA,3,,
-58.41825887,-34.5835813,67,VERIFICADOR DE CARRILES,Av. Santa fe y Armenia,0,,0,SANTA FE AV. Y ARMENIA,SANTA FE AV.,ARMENIA,PALERMO,14,,
-58.38842369,-34.59576396,68,VERIFICADOR DE CARRILES,Av. Santa fe y Parana,0,,0,SANTA FE AV. Y PARANA,SANTA FE AV.,PARANA,RECOLETA,2,,
-58.40571597,-34.60557124,69,VERIFICADOR DE CARRILES,Av. Pueyrredon y Valentin Gomez,0,,0,"PUEYRREDON AV. Y GOMEZ, VALENTIN",PUEYRREDON AV.,"GOMEZ, VALENTIN",BALVANERA,3,,
-58.40594756,-34.6065458,70,VERIFICADOR DE CARRILES,Av. Pueyrredon y Sarmiento,0,,0,PUEYRREDON AV. Y SARMIENTO,PUEYRREDON AV.,SARMIENTO,BALVANERA,3,,
-58.40308234,-34.59656311,71,VERIFICADOR DE CARRILES,Av. Pueyrredon y Mansilla,0,,0,"PUEYRREDON AV. y MANSILLA, LUCIO NORBERTO, GENERAL",PUEYRREDON AV.,"MANSILLA, LUCIO NORBERTO, GENERAL",RECOLETA,2,,
-58.41837214,-34.55440132,72,CINEMOMETRO FIJO,Av. Rafael Obligado C4,4845,,70,"OBLIGADO RAFAEL, AV.COSTANERA 4845","OBLIGADO RAFAEL, AV.COSTANERA",,Palermo,14,1428,
-58.41837214,-34.55440132,73,CINEMOMETRO FIJO,Av. Rafael Obligado C3,4845,,70,"OBLIGADO RAFAEL, AV.COSTANERA 4845","OBLIGADO RAFAEL, AV.COSTANERA",,Palermo,14,1428,
-58.39165594,-34.58368714,74,CINEMOMETRO FIJO,Av. F. ALCORTA,2200,,70,"FIGUEROA ALCORTA, PRES. AV. 2200","FIGUEROA ALCORTA, PRES. AV.",JULIO VICTOR GONZALEZ,Recoleta,2,1425,C1425CKN
-58.41511409,-34.56938212,75,CINEMOMETRO FIJO,Av. F. ALCORTA,4750,,60,"FIGUEROA ALCORTA, PRES. AV. 4750","FIGUEROA ALCORTA, PRES. AV.",,Palermo,14,1425,C1425CMN
-58.41364702,-34.61540974,76,CINEMOMETRO FIJO,Av. BELGRANO C4,3349,,60,BELGRANO AV. 3349,BELGRANO AV.,VIRREY LINIERS,Almagro,5,1210,C1210AAB
-58.40279593,-34.62376854,77,CINEMOMETRO FIJO,Av. San Juan,2729,,60,SAN JUAN AV. 2729,SAN JUAN AV.,AV JUJUY,San Cristobal,3,1232,C1232AAJ
-58.52114728,-34.62470621,78,CINEMOMETRO FIJO,Irigoyen C2,1761,,40,IRIGOYEN 1761,IRIGOYEN,BAIGORRIA,Monte Castro,10,1408,C1408CPK
-58.42734322,-34.55929405,79,CINEMOMETRO FIJO,Av. F. ALCORTA,5700,,70,"FIGUEROA ALCORTA, PRES. AV. 5700","FIGUEROA ALCORTA, PRES. AV.",AV DE LOS OMBÚES,Palermo,14,1426,C1426CBT
-58.41511626,-34.56937973,80,CINEMOMETRO FIJO,Av. F. ALCORTA,4750,,60,"FIGUEROA ALCORTA, PRES. AV. 4750","FIGUEROA ALCORTA, PRES. AV.",,Palermo,14,1425,C1425CMN
-58.49594183,-34.55920659,81,CINEMOMETRO FIJO,Av. Triunvirato C2,6300,,60,TRIUNVIRATO AV. 6300,TRIUNVIRATO AV.,,Saavedra,12,1431,C1431FDP
-58.41526137,-34.6085501,82,CINEMOMETRO FIJO,Av. Diaz Velez  C2,3420,,40,DIAZ VELEZ AV. 3420,DIAZ VELEZ AV.,SANCHEZ DE BUSTAMANTE,Almagro,5,1200,C1200AAO
-58.52114728,-34.62470621,83,CINEMOMETRO FIJO,Irigoyen C3,1761,,40,IRIGOYEN 1761,IRIGOYEN,BAIGORRIA,Monte Castro,10,1408,C1408CPK
-58.49249637,-34.56057033,84,CINEMOMETRO FIJO,Galvan,3640,,40,GALVAN 3640,GALVAN,ACHIRA,Saavedra,12,1431,C1431FVW
-58.40304125,-34.61889358,85,CINEMOMETRO FIJO,Av. Independencia,2662,,60,INDEPENDENCIA AV. 2662,INDEPENDENCIA AV.,AV JUJUY,San Cristobal,3,1225,C1225AAV
-58.46146296,-34.54317129,86,CINEMOMETRO FIJO,Av. Del Libertador (a prov C2),7725,,60,DEL LIBERTADOR AV. 7725,DEL LIBERTADOR AV.,MANZANARES,Nu\u00f1ez,13,1429,C1429BMK
-58.49249637,-34.56057033,87,CINEMOMETRO FIJO,Galvan,3640,,40,GALVAN 3640,GALVAN,ACHIRA,Saavedra,12,1431,C1431FVW
-58.40304125,-34.61889358,88,CINEMOMETRO FIJO,Av. Independencia,2662,,60,INDEPENDENCIA AV. 2662,INDEPENDENCIA AV.,AV JUJUY,San Cristobal,3,1225,C1225AAV
-58.46146296,-34.54317129,89,CINEMOMETRO FIJO,Av. Del Libertador (a prov C3),7725,,60,DEL LIBERTADOR AV. 7725,DEL LIBERTADOR AV.,MANZANARES,Nu\u00f1ez,13,1429,C1429BMK
-58.42692072,-34.6639951,90,CINEMOMETRO FIJO,Av. 27 de Febrero (al centro C3),5800,,70,27 DE FEBRERO AV. 5800,27 DE FEBRERO AV.,,Villa Soldati,8,1437,C1437FXU
-58.42692072,-34.6639951,91,CINEMOMETRO FIJO,Av. 27 de Febrero (a prov. C3),5800,,70,27 DE FEBRERO AV. 5800,27 DE FEBRERO AV.,,Villa Soldati,8,1437,C1437FXU
-58.41274519,-34.57248552,92,CINEMOMETRO FIJO,Av. Sarmiento,3866,,60,SARMIENTO AV. 3866,SARMIENTO AV.,AV BELISARIO ROLDAN,Palermo,14,1425,C1425FGZ
-58.48019037,-34.59058665,93,CINEMOMETRO FIJO MULTICARRIL,Av. De los Constituyentes (Descendente),3240,,60,DE LOS CONSTITUYENTES AV. 3240,DE LOS CONSTITUYENTES AV.,CAMPILLO,Agronomia,15,1427,C1427BLQ
-58.46372032,-34.58803317,94,CINEMOMETRO FIJO,Av. Elcano,4450,,60,ELCANO AV. 4450,ELCANO AV.,AV DEL CAMPO,Chacarita,15,1427,C1427CIP
-58.51186174,-34.63429482,95,CINEMOMETRO FIJO,Av. Juan B. Justo (Ascendete),8736,,60,"JUSTO, JUAN B. AV. 8736","JUSTO, JUAN B. AV.",SAN BLAS,Versalles,10,1408,C1408AKQ
-58.4541707,-34.61180857,96,CINEMOMETRO FIJO MULTICARRIL,Av. Gaona (Ascendente),1852,,60,GAONA AV. 1852,GAONA AV.,FRAGATA PRESIDENTE SARMIENTO,Caballito,6,1416,C1416DRT
-58.46360177,-34.61671417,97,CINEMOMETRO FIJO,Av. Boyaca (Ascendente),961,,60,BOYACA 961,BOYACA,AV GAONA,Flores,7,1406,C1406BHQ
-58.47195333,-34.64224182,98,CINEMOMETRO FIJO,Mariano Acosta,1059,,40,"ACOSTA, MARIANO AV. 1055","ACOSTA, MARIANO AV.",AV F. BILBAO,Parque Avellaneda,9,1407,C1407KBU
-58.44491504,-34.63647404,99,CINEMOMETRO FIJO,Av. Asamblea,1447,,60,ASAMBLEA AV. 1447,ASAMBLEA AV.,MIRO,Parque Chacabuco,7,1406,C1406HVE
-58.4320713,-34.63761687,100,CINEMOMETRO FIJO,Av. Jose M. Moreno,1657,,60,"MORENO, JOSE MARIA AV. 1657","MORENO, JOSE MARIA AV.",SARAZA,Parque Chacabuco,7,1424,C1424ABD
-58.48123707,-34.56440666,101,CINEMOMETRO FIJO,Holmberg,3046,,40,HOLMBERG 3046,HOLMBERG,AV CONGRESO,Villa Urquiza,12,1430,C1430DPJ
-58.50986255,-34.64930467,102,CINEMOMETRO FIJO,Av. Emilio Castro,6281,,60,"CASTRO, EMILIO AV. 6281","CASTRO, EMILIO AV.",MURGUIONDO,Liniers,9,1440,C1440CLL
-58.39418067,-34.62986332,103,CINEMOMETRO FIJO,Av. Brasil,2085,,60,BRASIL 2085,BRASIL,COMBATE DE LOS POZOS,Parque Patricios,4,1260,C1260AAC
-58.45132527,-34.60073036,104,CINEMOMETRO FIJO,Av. Honorio Pueyrredon (Ascendente) C2,1815,,60,"PUEYRREDON, HONORIO, DR. AV. 1815","PUEYRREDON, HONORIO, DR. AV.",REMEDIOS ESCALDA DE SAN MARTIN,Villa Crespo,15,1414,C1414CEH
-58.45132527,-34.60073036,105,CINEMOMETRO FIJO,Av. Honorio Pueyrredon (Ascendente) C3,1815,,60,"PUEYRREDON, HONORIO, DR. AV. 1815","PUEYRREDON, HONORIO, DR. AV.",REMEDIOS ESCALDA DE SAN MARTIN,Villa Crespo,15,1414,C1414CEH
-58.45555421,-34.59305177,106,CINEMOMETRO FIJO,Av. Jorge Newbery (Ascendente),4733,,60,"NEWBERY, JORGE AV. 4733","NEWBERY, JORGE AV.",ATANASIO GIRARDOT,Chacarita,15,1427,C1427EHA
-58.41357382,-34.63600937,107,CINEMOMETRO FIJO,Av. Chiclana (Descendente),3474,,60,CHICLANA AV. 3474,CHICLANA AV.,MAZA,Boedo,5,1260,C1260ACO
-58.44891238,-34.63581363,108,CINEMOMETRO FIJO,Av. Eva Peron (Descendente),1825,,60,"PERON, EVA AV. 1825","PERON, EVA AV.",THORNE,Parque Chacabuco,7,1406,C1406HMG
-58.39418067,-34.62986332,109,CINEMOMETRO FIJO,Av. Brasil (Descendente),2085,,60,BRASIL 2085,BRASIL,COMBATE DE LOS POZOS,Parque Patricios,4,1260,C1260AAC
-58.4789534,-34.6775994,110,CINEMOMETRO FIJO,Au. Dellepiane (descendente),0,"Km 1,15",100,,,,VILLA LUGANO,8,,
-58.42539465,-34.57178865,111,CINEMOMETRO FIJO,Av. Dorrego (Descendente),3370,,60,DORREGO AV. 3370,DORREGO AV.,,Palermo,14,1425,C1425GAW
-58.42539465,-34.57178865,112,CINEMOMETRO FIJO,Av. Dorrego (Descendente),3370,,60,DORREGO AV. 3370,DORREGO AV.,,Palermo,14,1425,C1425GAW
-58.42903816,-34.57374812,113,CINEMOMETRO FIJO,Av. Dorrego (Ascendente),2975,,60,DORREGO AV. 2975,DORREGO AV.,,Palermo,14,,
-58.42903816,-34.57374812,114,CINEMOMETRO FIJO,Av. Dorrego (Ascendente),2975,,60,DORREGO AV. 2975,DORREGO AV.,,Palermo,14,,
-58.43925711,-34.6261972,115,CINEMOMETRO FIJO,Av. Pedro Goyena (Ascendente),805,,60,"GOYENA, PEDRO AV. 805","GOYENA, PEDRO AV.",THOMPSON,Caballito,6,1424,C1424BSI
-58.43925711,-34.6261972,116,CINEMOMETRO FIJO,Av. Pedro Goyena (Ascendente),805,,60,"GOYENA, PEDRO AV. 805","GOYENA, PEDRO AV.",THOMPSON,Caballito,6,1424,C1424BSI
-58.46726057,-34.63577946,117,CINEMOMETRO FIJO,Av. San Pedrito (Descendente),418,,60,SAN PEDRITO AV. 418,SAN PEDRITO AV.,AV DIRECTORIO,Flores,7,1406,C1406EXR
-58.46726057,-34.63577946,118,CINEMOMETRO FIJO,Av. San Pedrito (Descendente),418,,60,SAN PEDRITO AV. 418,SAN PEDRITO AV.,AV DIRECTORIO,Flores,7,1406,C1406EXR
-58.4005376,-34.63120005,119,CINEMOMETRO FIJO,Av. Jujuy (Ascendente),1782,,60,JUJUY AV. 1782,JUJUY AV.,AV BRASIL,Parque Patricios,4,1247,C1247ABS
-58.40048841,-34.63138092,120,CINEMOMETRO FIJO,Av. Jujuy (Ascendente),1794,,60,JUJUY AV. 1794,JUJUY AV.,AV BRASIL,Parque Patricios,4,1247,C1247ABS
-58.51495217,-34.63911732,121,CINEMOMETRO FIJO,Av. Rivadavia (Ascendente),10731,,60,RIVADAVIA AV. 10731,RIVADAVIA AV.,FONROUGE,Liniers,9,1408,C1408AAH
-58.5151053,-34.63911248,122,CINEMOMETRO FIJO,Av. Rivadavia (Ascendente),10741,,60,RIVADAVIA AV. 10741,RIVADAVIA AV.,FONROUGE,Liniers,9,1408,C1408AAH
-58.44576253,-34.62438184,123,CINEMOMETRO FIJO MULTICARRIL,Av. Juan B. Alberdi,1260,,60,"ALBERDI, JUAN BAUTISTA AV. 1260","ALBERDI, JUAN BAUTISTA AV.",HORTIGUERA,Caballito,6,1406,C1406GRO
-58.46977546,-34.63628525,124,CINEMOMETRO FIJO MULTICARRIL,Av. Directorio (descendente),3078,,60,DIRECTORIO AV. 3078,DIRECTORIO AV.,JOSE MARTI,Flores,7,1406,C1406HAT
-58.42009505,-34.56541276,125,CINEMOMETRO FIJO MULTICARRIL,Av. Dorrego (Descendente),3700,,60,DORREGO AV. 3700,DORREGO AV.,,Palermo,14,1425,C1425GBN
-58.50397305,-34.58725743,126,CINEMOMETRO FIJO MULTICARRIL,Av. Gral. Mosconi,3043,,60,MOSCONI GENERAL AV. 3043,MOSCONI GENERAL AV.,AGUSTIN ALVAREZ,Villa Pueyrredon,12,1419,C1419EQJ
-58.48723094,-34.64686167,127,CINEMOMETRO FIJO MULTICARRIL,Av. Bruix,4435,,60,BRUIX AV. 4435,BRUIX AV.,CHASCOMUS,Parque Avellaneda,9,1407,C1407IKJ
-58.37647434,-34.62212655,128,CINEMOMETRO FIJO MULTICARRIL,Av. San Juan (Descendente),730,,60,SAN JUAN AV. 730,SAN JUAN AV.,PIEDRAS,San Telmo,1,1147,C1147AAS
-58.40066536,-34.62350416,129,CINEMOMETRO FIJO MULTICARRIL,Av. San Juan (Descendente),2507,,60,SAN JUAN AV. 2507,SAN JUAN AV.,ALBERTI,San Cristobal,3,1232,C1232AAH
-58.46088375,-34.6897117,130,CINEMOMETRO FIJO MULTICARRIL,Av. Coronel Roca,5880,,30,"ROCA, CNEL. AV. 5880","ROCA, CNEL. AV.",,Villa Riachuelo,8,1439,C1439DVV
-58.39476444,-34.62428587,131,CINEMOMETRO FIJO MULTICARRIL,Au. 25 de Mayo (ascendente) Centro,0,"Km 7,0",80,,,,SAN CRISTOBAL,3,,
-58.39277765,-34.62389858,132,CINEMOMETRO FIJO MULTICARRIL,Au. 25 de Mayo (descendente) Provin.,0,"Km 7,2",80,,,,SAN CRISTOBAL,3,,
-58.42636155,-34.62892955,133,CINEMOMETRO FIJO MULTICARRIL,Au. 25 de Mayo (ascendente) Centro,0,"Km 4,1",80,,,,PARQUE CHACABUCO,7,,
-58.41346558,-34.62696056,134,CINEMOMETRO FIJO MULTICARRIL,Au. 25 de Mayo (descendente) Provin.,0,"Km 5,3",80,,,,BOEDO,5,,
-58.46165962,-34.53611504,135,CINEMOMETRO FIJO MULTICARRIL,Av. Leopoldo Lugones (descendente),0,"Km 9,8",100,,,,NUÑEZ,13,,
-58.46165962,-34.53611504,136,CINEMOMETRO FIJO MULTICARRIL,Av. Leopoldo Lugones (descendente),0,"Km 9,8",100,,,,NUÑEZ,13,,
-58.39360266,-34.62742934,137,CINEMOMETRO FIJO MULTICARRIL,Av. Juan de Garay,2031,,60,"GARAY, JUAN DE AV. 2031","GARAY, JUAN DE AV.",SARANDÍ,San Cristobal,3,1256,C1256AAC
-58.41473001,-34.57459103,138,CINEMOMETRO FIJO MULTICARRIL,Av. Sarmiento (Descendente),3480,,60,SARMIENTO AV. 3480,SARMIENTO AV.,SANCHEZ DE BUSTAMANTE,Palermo,14,1425,C1425FGV
-58.43738749,-34.54909479,139,CINEMOMETRO FIJO MULTICARRIL,Av. Leopoldo Lugones (descendente),0,"Km 7,6",100,,,,BELGRANO,13,,
-58.43738749,-34.54909479,140,CINEMOMETRO FIJO MULTICARRIL,Av. Leopoldo Lugones (descendente),0,"Km 7,6",100,,,,BELGRANO,13,,
-58.52616125,-34.63558851,141,CINEMOMETRO FIJO MULTICARRIL,Au. Perito Moreno,0,"Km 0,5",100,,,,LINIERS,9,,
-58.4793284,-34.6776694,142,CINEMOMETRO FIJO MULTICARRIL,Au. Dellepiane (ascendente),0,"Km 1,15",100,,,,VILLA LUGANO,8,,
-58.4789534,-34.6775994,143,CINEMOMETRO FIJO MULTICARRIL,Au. Dellepiane (descendente),0,"Km 1,15",100,,,,VILLA LUGANO,8,,
-58.47461077,-34.6687468,144,CINEMOMETRO FIJO MULTICARRIL,Au. Dellepiane (ascendente),0,"Km 2,3",100,AUTOPISTA DELLEPIANE LUIS TTE. GRAL. Y MIRALLA,AUTOPISTA DELLEPIANE LUIS TTE. GRAL.,MIRALLA,VILLA LUGANO,8,,
-58.47461077,-34.6687468,145,CINEMOMETRO FIJO MULTICARRIL,Au. Dellepiane (descendente),0,"Km 2,3",100,AUTOPISTA DELLEPIANE LUIS TTE. GRAL. Y MIRALLA,AUTOPISTA DELLEPIANE LUIS TTE. GRAL.,MIRALLA,VILLA LUGANO,8,,
-58.52686824,-34.63508852,146,CINEMOMETRO FIJO MULTICARRIL,Au. Perito Moreno (descendente),0,"Km 0,3",100,,,,LINIERS,9,,
-58.41680125,-34.56234085,147,CINEMOMETRO FIJO MULTICARRIL,Av. Leopoldo Lugones (descendente),0,"Km 4,9",100,"LUGONES, LEOPOLDO AV. Y DORREGO AV.","LUGONES, LEOPOLDO AV.",DORREGO AV.,PALERMO,14,,
-58.41680125,-34.56234085,148,CINEMOMETRO FIJO MULTICARRIL,Av. Leopoldo Lugones (descendente),0,"Km 4,9",100,"LUGONES, LEOPOLDO AV. Y DORREGO AV.","LUGONES, LEOPOLDO AV.",DORREGO AV.,PALERMO,14,,
-58.43834337,-34.54826676,149,CINEMOMETRO FIJO MULTICARRIL,Av. Intendente Cantilo (ascendente),0,"Km 7,55",100,,,,BELGRANO,13,,
-58.37552616,-34.64403383,150,CINEMOMETRO FIJO MULTICARRIL,Au. Arturo Frondizi (ascendente),0,"Km 3,0",100,,,,CONSTITUCION,1,,
-58.377513,-34.63473747,151,CINEMOMETRO FIJO MULTICARRIL,Au. Arturo Frondizi (descendente),0,"Km 2,0",100,,,,BARRACAS,4,,
-58.38069783,-34.6229028,152,CINEMOMETRO FIJO MULTICARRIL,Au. Arturo Frondizi (ascendente),0,"Km 0,5",100,,,,BARRACAS,4,,
-58.48377614,-34.64639603,153,CINEMOMETRO FIJO MULTICARRIL,Au. Perito Moreno (Acendente),0,"Km 4,9",60,,,,PARQUE AVELLANEDA,9,,
-58.4451702,-34.56006368,154,CINEMOMETRO FIJO MULTICARRIL,Av. Del Libertador (descendente),5666,,60,DEL LIBERTADOR AV. 5666,DEL LIBERTADOR AV.,LA PAMPA,Belgrano,13,1426,C1426BXR
-58.44199159,-34.56205309,155,CINEMOMETRO FIJO MULTICARRIL,Av. Del Libertador (ascendente),5275,,60,DEL LIBERTADOR AV. 5275,DEL LIBERTADOR AV.,MANZANARES,Belgrano,13,1426,C1426BXA
-58.44926074,-34.54266691,156,CINEMOMETRO FIJO MULTICARRIL,Av. Leopoldo Lugones (descendente),0,"Km 8,7",100,,,,BELGRANO,13,,
-58.42009505,-34.56541276,157,CINEMOMETRO FIJO MULTICARRIL,Av. Dorrego,3700,,60,DORREGO AV. 3700,DORREGO AV.,,Palermo,14,1425,C1425GBN
-58.42849058,-34.59874475,158,CINEMOMETRO FIJO MULTICARRIL,Av. Estado de Israel,4460,,60,ESTADO DE ISRAEL AV. 4460,ESTADO DE ISRAEL AV.,ROCAMORA,Almagro,5,1185,C1185AAQ
-58.48073828,-34.64190012,159,CINEMOMETRO FIJO MULTICARRIL,Av. Directorio (descendente),4085,,60,DIRECTORIO AV. 4085,DIRECTORIO AV.,FERNANDEZ,Parque Avellaneda,9,1407,C1407HGA
-58.48677365,-34.55789926,160,CINEMOMETRO FIJO MULTICARRIL,Donado,3660,,60,DONADO 3660,DONADO,CHAJARÍ,Saavedra,12,1430,C1430DSV
-58.49710719,-34.55436822,161,CINEMOMETRO FIJO MULTICARRIL,Av. Dr. Ricardo Balbin,4640,,60,"BALBIN, RICARDO, DR. AV. 4640","BALBIN, RICARDO, DR. AV.",ARIAS,Saavedra,12,1430,C1430ABR
-58.37983,-34.62281,162,CINEMOMETRO FIJO,Au. 25 de Mayo (C 3 descendente),0,"Km. 8,4",80,,,,CONSTITUCION,1,,
-58.37984,-34.62274,163,CINEMOMETRO FIJO,Au. 25 de Mayo (C 2 descendente),0,"Km. 8,4",80,,,,CONSTITUCION,1,,
-58.37971,-34.62286,164,CINEMOMETRO FIJO,Au. 25 de Mayo (C 3 Ascendente),0,"Km. 8,4",80,,,,CONSTITUCION,1,,
-58.37972,-34.62294,165,CINEMOMETRO FIJO,Au. 25 de Mayo (C 2 Ascendente),0,"Km. 8,4",80,,,,CONSTITUCION,1,,
-58.37666,-34.64005,166,CINEMOMETRO FIJO MULTICARRIL,Au. Arturo Frondizi (descendente),0,"Km 1,3",100,,,,BARRACAS,4,,
-58.52477,-34.63625,167,CINEMOMETRO FIJO,Au. Perito Moreno (sentido centro),0,"Km 0,5",60/100,,,,LINIERS,9,,
-58.4866,-34.64515,168,CINEMOMETRO FIJO,Au. P. Moreno (a prov.  C4),0,"Km 4,5",100,,,,PARQUE AVELLANEDA,9,,
-58.4865,-34.64516,169,CINEMOMETRO FIJO,Au. P. Moreno (a prov. C3),0,"Km 4,5",100,,,,PARQUE AVELLANEDA,9,,
-58.48909,-34.64378,170,CINEMOMETRO FIJO MULTICARRIL,Au. P. Moreno (carriles 1 y 2) Centro,0,"Km 4,3",60,,,,PARQUE AVELLANEDA,9,,
-58.4794,-34.67781,171,CINEMOMETRO FIJO,Au. Dellepiane (descendente),0,"Km 1,15",100,,,,PARQUE AVELLANEDA,9,,
-58.38307,-34.58162,172,CINEMOMETRO FIJO,Au. Illia (a prov. C3),0,"Km. 1,2",80,,,,RETIRO,1,,
-58.38313,-34.58164,173,CINEMOMETRO FIJO,Au. Illia (a prov. C2),0,"Km. 1,2",80,,,,RETIRO,1,,
-58.38339,-34.58176,174,CINEMOMETRO FIJO,Au. Illia (al centro C3),0,"Km. 1,2",80,,,,RETIRO,1,,
-58.3833,-34.58169,175,CINEMOMETRO FIJO,Au. Illia (al centro C2),0,"Km. 1,2",80,,,,RETIRO,1,,
-58.4075,-34.56718,176,CINEMOMETRO FIJO,Au. Illia (a prov. C3),0,"Km. 3,9",100,,,,PALERMO,14,,
-58.40744,-34.56715,177,CINEMOMETRO FIJO,Au. Illia (a prov. C4),0,"Km. 3,9",100,,,,PALERMO,14,,
-58.43207,-34.55168,178,CINEMOMETRO FIJO,Au. Illia (a prov. C1),0,"Km. 6,9",100,,,,BELGRANO,13,,
-58.43194,-34.55159,179,CINEMOMETRO FIJO,Au. Illia (a prov. C2),0,"Km. 6,9",100,,,,BELGRANO,13,,
-58.44627,-34.54354,180,CINEMOMETRO FIJO MULTICARRIL,Av. Cantilo (carriles 1 y 2),0,"Km 8,5",60,,,,BELGRANO,13,,
-58.44672,-34.54399,181,CINEMOMETRO FIJO,Au. Lugones C4,0,"Km 8,7",100,,,,BELGRANO,13,,
-58.44668,-34.54407,182,CINEMOMETRO FIJO,Au. Lugones C5,0,"Km 8,7",100,,,,BELGRANO,13,,
-58.44636,-34.54359,183,CINEMOMETRO FIJO,Av. Intendente Cantilo ,0,"Km 8,7",100,,,,BELGRANO,13,,
-58.44897,-34.54199,184,CINEMOMETRO FIJO MULTICARRIL,Av. Intendente Cantilo,0,"Km 8,7",100,,,,BELGRANO,13,,
,,185,CINEMOMETRO FIJO MULTICARRIL,Av. Gral. Paz (carriles 3 y 4) Rio la Plata,0,"Km.13,0",0,,,,VERSALLES,10,,
,,186,CINEMOMETRO FIJO MULTICARRIL,Av. Gral. Paz (carriles 3 y 4) Riachuelo,0,"Km.13,1",0,,,,VERSALLES,10,,
,,187,CINEMOMETRO FIJO MULTICARRIL,Av. Gral. Paz (carriles 3 y 2) Rio la Plata,0,"Km.17,8",0,,,,MATADEROS,9,,
,,188,CINEMOMETRO FIJO MULTICARRIL,Av. Gral. Paz (carriles 3 y 2) Riachuelo,0,"Km.17,8",0,,,,MATADEROS,9,,
,,189,CINEMOMETRO FIJO MULTICARRIL,Av. Gral. Paz (carriles 3 y 4) Rio la Plata,0,"Km.22,5",0,,,,VILLA RIACHUELO,8,,
,,190,CINEMOMETRO FIJO MULTICARRIL,Av. Gral. Paz (carriles 3 y 4) Rio la Plata,0,"Km.22,5",0,,,,VILLA RIACHUELO,8,,
-58.464,-34.64803,191,CINEMOMETRO FIJO MULTICARRIL,Au1-Au6 Ramal de transición,0,"Km 0,1",60,,,,PARQUE AVELLANEDA,9,,
-58.46375,-34.58793,192,CINEMOMETRO FIJO,Av. Elcano ,4428,,60,AV ELCANO 4428,AV ELCANO,AV. DEL CAMPO,Chacarita,15,1427,C1427CIP
-58.49411,-34.56243,193,CINEMOMETRO FIJO MULTICARRIL,Crisologo Larralde,5281,,40,CRISOLOGO LARRALDE 5281,LARRALDE CRISOLOGO,CAPDEVILA,Villa Urquiza,12,1431,C1431APK
-58.50417,-34.56723,194,CINEMOMETRO FIJO MULTICARRIL,Crisologo Larralde,6037,,40,CRISOLOGO LARRALDE 6032,LARRALDE CRISOLOGO,LAVOISIER,Villa Urquiza,12,1431,C1431AQB
